{"credit.policy": -0.0146869984354769, "int.rate": 0.0009697342478301459, "installment": 0.0003821342819811762, "log.annual.inc": 0.004163394922976416, "dti": 0.014596341271585576, "fico": -0.003227896569249554, "days.with.cr.line": -1.5021205167097264e-05, "revol.bal": 2.6300856485345587e-06, "revol.util": 0.0027923740507776102, "inq.last.6mths": 0.09459005216794515, "delinq.2yrs": 0.0030089676374818997, "pub.rec": 0.0042082642943914806, "purpose_credit_card": -0.005375756561121045, "purpose_debt_consolidation": -0.007219924118054162, "purpose_educational": 0.001841458717651948, "purpose_home_improvement": 0.0015032999211376534, "purpose_major_purchase": -0.001055778933895158, "purpose_small_business": 0.007012564770678865}